type,legacy_identifier,legacy_name,target_component,target_transition_or_view,test_reference,status,notes
format_rule,21_rules,21 Reglas de formato de color,Badges CSS / UI,templates/components/badge.html / core_tags.py,tests/test_core_ui.py::test_status_badge_tag_all_21_styles,CUBIERTO,21 reglas de color y estatus implementadas y probadas
view,pantalla_1,Inicio / Dashboard por Rol,apps.core.views.DashboardView,core/dashboard.html,tests/test_core_ui.py::test_dashboard_renders_for_authenticated_user,CUBIERTO,Panel mobile-first con tarjetas y enlaces
view,pantalla_2,Bandeja de Pendientes Genérica,apps.transitions.views.PendingInboxView,transitions/pending_inbox.html,tests/test_pending_inbox.py::test_inbox_renders_scoped_pending_items,CUBIERTO,Bandeja dinámica por transitions_rule con filtros por etapa region folio y serie
component,modal_htmx,Modal Universal Dinámico,apps.transitions.views.transition_modal_view,templates/transitions/modal_form.html,tests/test_pending_inbox.py::test_transition_modal_view_render_and_post,CUBIERTO,Formularios de transiciones cargados dinámicamente vía HTMX
view,auth_login,Acceso y Autenticación,django-allauth,account/login.html,tests/test_core_ui.py::test_dashboard_requires_login,CUBIERTO,Login local por email con modelo User custom y resolución de alcance
model,14_tables,14 Modelos de Datos MariaDB,apps.*.models,models.py,tests/test_models_structure.py::test_complete_data_model_creation,CUBIERTO,Modelos relacionales con created_at updated_at legacy_id y restricciones CHECK
roles,8_roles,8 Roles Activos y 3 Heredados,apps.core.management.commands.seed_roles,seed_roles.py,tests/test_permissions_matrix.py,CUBIERTO,Grupos y permisos creados y asignados idempotentemente
catalogs,9_catalogs,9 Catálogos del Sistema,apps.core.management.commands.seed_catalogs,seed_catalogs.py,tests/test_seeds.py::test_seed_catalogs_idempotency,CUBIERTO,44 valores de catálogos normalizados sin duplicados
org_structure,6_zones_48_regions,Estructura Organizacional,apps.core.management.commands.seed_org,seed_org.py,tests/test_seeds.py::test_seed_org_idempotency,CUBIERTO,6 zonas y 48 regiones según sección 11 con talleres y centros
slice,55_slices,Selectores de Alcance de Usuario,apps.*.selectors,selectors.py,tests/test_scope_selectors.py,CUBIERTO,Aislamiento estricto por usuario y región
view,pantalla_11,Administración Django,apps.*.admin,admin.py,tests/test_seeds.py,CUBIERTO,Panel de administración para usuarios roles regiones catálogos y reglas
action,137_actions,Motor de Transiciones y Registro Declarativo,apps.transitions.services.apply_transition,transitions/registry.py,tests/test_transitions.py / tests/test_concurrency.py,CUBIERTO,Transaccional con select_for_update validacion de permisos alcance auditoria y kardex
concurrency,concurrency_protection,Protección contra Concurrencia,apps.transitions.services.apply_transition,transitions/services.py,tests/test_concurrency.py,CUBIERTO,Prevención de doble autorización y doble surtido de la misma pieza
view,pantalla_3,Consulta y Creación de Vales / Coupa,apps.vouchers.views.voucher_list_view / voucher_create_view,templates/vouchers/voucher_list.html / voucher_create.html,tests/test_vouchers_flow.py::TestVouchersAndSupplyFlow::test_create_voucher_flow,CUBIERTO,Creación con líneas dinámicas cálculo automático de balance e integridad
view,pantalla_4,Detalle y Surtido de Vales con Kárdex,apps.vouchers.views.voucher_detail_view / voucher_dispatch_view,templates/vouchers/voucher_detail.html / voucher_dispatch.html,tests/test_vouchers_flow.py::TestVouchersAndSupplyFlow::test_dispatch_voucher_flow_generates_kardex,CUBIERTO,Surtido por serie / a granel afectación de stock y generación de Kárdex
document,vale_pdf,Generación de Vale Oficial PDF y QR,apps.documents.services.generate_voucher_pdf,templates/documents/voucher_pdf.html,tests/test_vouchers_flow.py::TestVouchersAndSupplyFlow::test_generate_voucher_pdf_service,CUBIERTO,PDF oficial con QR embebido metadatos y registro en Document
signature,digital_signature,Firma Digital en Pantalla de Entrega,apps.vouchers.views.voucher_signature_view,templates/vouchers/voucher_signature.html,tests/test_vouchers_flow.py::TestVouchersAndSupplyFlow::test_voucher_signature_capture,CUBIERTO,Firma en canvas táctil guardada en Document y transición confirm_delivery
view,pantalla_5,Registro y Consulta de Devoluciones,apps.cases.views.case_list_view / case_return_create_view / case_detail_view,templates/cases/case_list.html / case_create.html / case_detail.html,tests/test_returns_flow.py::TestReturnsAndWarehouseFlow::test_case_return_creation_flow,CUBIERTO,Alta de casos con o sin despacho previo serie modelo y motivo
view,pantalla_6,Dictamen de Devoluciones en Almacén,apps.cases.views.warehouse_inbox_view / warehouse_dictamen_view,templates/cases/warehouse_inbox.html / warehouse_dictamen.html,tests/test_returns_flow.py::TestReturnsAndWarehouseFlow::test_warehouse_diagnosis_confirmation_flow,CUBIERTO,Bandeja de recepción en almacén emisión de dictamen o solicitud de revisión
view,pantalla_7,Asignación de Folios de Reparación Oficina,apps.cases.views.repair_folio_inbox_view / assign_repair_folio_view,templates/cases/repair_folio_inbox.html / assign_repair_folio.html,tests/test_returns_flow.py::TestReturnsAndWarehouseFlow::test_assign_repair_folio_flow,CUBIERTO,Bandeja central de Oficina con asignación de folio fecha e Insight Note
view,pantalla_8,Bandeja de Taller y Asignación de Ingeniero,apps.cases.views.workshop_inbox_view / assign_engineer_view,templates/cases/workshop_inbox.html / assign_engineer.html,tests/test_workshop_flow.py::TestWorkshopFlow::test_assign_engineer_flow,CUBIERTO,Asignación por Jefe de Taller y filtrado de casos por ingeniero asignado
view,pantalla_9,Dictamen Técnico Validación y Reingreso,apps.cases.views.technical_diagnosis_view / boss_confirm_view / warehouse_confirm_entry_view,templates/cases/technical_diagnosis.html / warehouse_confirm_entry.html,tests/test_workshop_flow.py::TestWorkshopFlow::test_warehouse_confirm_entry_generates_kardex,CUBIERTO,Diagnóstico técnico validación de jefe reingreso a almacén y movimiento ENTRADA en Kárdex
document,regreso_pdf,Generación de Hoja de Retorno PDF y QR,apps.documents.services.generate_return_pdf,templates/documents/return_pdf.html,tests/test_returns_flow.py::TestReturnsAndWarehouseFlow::test_generate_return_pdf_service,CUBIERTO,Documento PDF de retorno con código QR y trazabilidad completa
view,pantalla_8_huesario,Control de Huesario Scrap y Reutilización,apps.cases.views.huesario_inbox_view / confirm_scrap_view / deliver_scrap_view / return_scrap_to_repair_view,templates/cases/huesario_inbox.html / scrap_action.html,tests/test_scrap_flow.py::TestScrapAndCancellationsFlow::test_scrap_confirmation_and_delivery_flow,CUBIERTO,Pestañas por estado confirmación por jefe entrega en almacén y reversión a reparación
view,flujo_d_taller_habilitado,Taller Habilitado Traslados y Espera de Refacción,apps.cases.views.send_to_workshop_view / cancel_workshop_send_view / workshop_confirm_entry_view / workshop_wait_parts_view,templates/cases/send_to_workshop.html / workshop_confirm_entry.html / workshop_wait_parts.html,tests/test_workshop_enabled_flow.py::TestWorkshopEnabledFlow::test_workshop_complete_lifecycle,CUBIERTO,Traslado entre regiones recepción en taller pausa por refacción y reingreso con Kárdex
parity,consolidated_status_parity,Paridad de Estatus Consolidado Legacy,apps.cases.services.legacy_status,apps/cases/services.py,tests/test_legacy_status_parity.py,CUBIERTO,20 ramas de la fórmula original de AppSheet validadas con pruebas unitarias
cancellations,return_cancellations,Cancelaciones de Devolución y Validación Gerencial,apps.cases.views.cancel_return_view / manager_confirm_cancellation_view / warehouse_receive_cancelled_view,templates/cases/cancel_return.html / manager_cancellation.html,tests/test_scrap_flow.py::TestScrapAndCancellationsFlow::test_return_cancellation_and_manager_flow,CUBIERTO,Cancelación en centro validación gerencial y recepción física en almacén con Kárdex
view,pantalla_9_kardex,Consulta y Exportación de Kárdex y Existencias,apps.reports.views.kardex_list_view / stock_balance_view,templates/reports/kardex_list.html / stock_balance.html,tests/test_reports_and_kardex.py::TestReportsViews::test_kardex_list_view_and_xlsx_export,CUBIERTO,Consulta de movimientos por serie filtros avanzados y saldos consolidados por almacén
view,pantalla_10_bitacoras,Centro de Bitácoras y Reportes Consolidados,apps.reports.views.report_dashboard_view / vouchers_report_view / workshop_report_view / zone_summary_report_view / coupa_report_view,templates/reports/report_dashboard.html,tests/test_reports_and_kardex.py,CUBIERTO,Bitácoras históricas de vales taller zonas y consumos Coupa con control de permisos
export,xlsx_exports,Motor de Exportación In-Memory XLSX (OpenPyXL),apps.reports.services.export_queryset_to_xlsx,apps/reports/services.py,tests/test_reports_and_kardex.py::TestReportsAndKardexServices::test_export_queryset_to_xlsx,CUBIERTO,Generación de archivos Excel estilizados con encabezados oscuros bordes y ajuste automático de ancho
etl,etl_migration,Pipeline de Migración e Importación Legacy Idempotente,apps.core.etl_services.import_legacy_* / import_legacy_data.py,apps/core/etl_services.py,tests/test_etl_and_reconciliation.py::TestETLServices,CUBIERTO,Carga transaccional e idempotente de vales casos y piezas con dry-run y mapeo relacional
reconciliation,inventory_reconciliation,Motor de Conciliación de Inventario y Discrepancias,apps.core.etl_services.reconcile_inventory_balances / reconcile_inventory.py,apps/core/etl_services.py,tests/test_etl_and_reconciliation.py::TestInventoryReconciliation,CUBIERTO,Cuadre de conteos físicos vs Kárdex detección de sobrantes y faltantes y tasa de concordancia
view,reconciliation_web_view,Pantalla y Exportador de Conciliación en Tiempo Real,apps.reports.views.inventory_reconciliation_view,templates/reports/reconciliation.html,tests/test_etl_and_reconciliation.py::TestReconciliationWebView,CUBIERTO,Interfaz web para carga CSV visualización de métricas y descarga de reporte XLSX estilizado
deployment,production_deployment,Infraestructura Docker MariaDB 11 Nginx y Hardening,Dockerfile / docker-compose.yml / deploy/nginx/ssit.conf,config/settings/production.py,tests/test_settings.py,CUBIERTO,Stack de producción seguro con TLS HSTS proxy reverso Gunicorn logging y scripts de inicio

